time,_dt,strain_zx_interface,stres_xx_interface,stres_xy_interface,stres_yy_interface,stres_yz_interface,stres_zz_interface,stress_zx_interface
0,0,0,0,0,0,0,0,0
0.01,0.01,3.8655432274198e-09,-715689.41819901,-2.509291922547e-13,-715689.41819901,-9.4684318400681e-11,-874731.51113213,2091.9410407213
0.02,0.01,4.3605582517083e-08,-715708.6907041,-2.8345381229609e-12,-715708.6907041,-8.0256599571876e-11,-874755.06641613,23598.315244539
