time,avg_stress_xx_block,avg_stress_xx_side,moment_z
0,0,0,0
1,0.010018958512347,0.0063364754313966,5180.5153037847
